player_id,player_name
wojcias01,Asher Wojciechowski
walshja01,Jared Walsh
davisro03,Rookie Davis
crowaa01,Aaron Crow
workmbr01,Brandon Workman
mooredy01,Dylan Moore
cecchga02,Gavin Cecchini
ramirni01,Nick Ramirez
morinmi01,Mike Morin
fryja01,Jace Fry
choiji01,Ji-Man Choi
duggast01,Steven Duggar
dominma01,Matt Dominguez
hardyjj01,J.J. Hardy
duensbr01,Brian Duensing
ferguca01,Caleb Ferguson
cainma01,Matt Cain
buchhcl01,Clay Buchholz
webbja01,Jacob Webb
solarya01,Yangervis Solarte
osunajo01,José Osuna
thornty01,Tyler Thornburg
morribr01,Bryan Morris
pennicl01,Cliff Pennington
tapiara01,Raimel Tapia
koberje01,Jeff Kobernus
rosaad01,Adonis Rosa
willijo03,Josh Willingham
omallsh01,Shawn O'Malley
milleia01,Ian Miller
guerrta02,Taylor Guerrieri
moralos01,Osmer Morales
mckenmi01,Michael McKenry
brittdr01,Drake Britton
wilsocj01,C.J. Wilson
gallois01,Isaac Galloway
gattiev01,Evan Gattis
crickky01,Kyle Crick
alvarrj01,R.J. Alvarez
dietrde01,Derek Dietrich
guerral01,Álex Guerrero
bradlbo01,Bobby Bradley
magilma01,Matt Magill
blancan01,Andrés Blanco
claseem01,Emmanuel Clase
jacksbr01,Brett Jackson
asuajca01,Carlos Asuaje
hagadni01,Nick Hagadone
pintori01,Ricardo Pinto
reedev01,Evan Reed
allenau01,Austin Allen
colonjo01,Joe Colón
jepseke01,Kevin Jepsen
josepdo01,Donnie Joseph
pukaj01,A.J. Puk
reynoma03,Matt Reynolds
robincl01,Clint Robinson
jacksja01,Jay Jackson
dicksok01,O'Koyea Dickson
woodrbr01,Brandon Woodruff
giambja01,Jason Giambi
jimenaj01,A.J. Jiménez
changyu01,Yu Chang
wilsojo03,Josh Wilson
kinghni01,Nick Kingham
martiet01,Ethan Martin
mujiced01,Edward Mujica
swihabl01,Blake Swihart
johnsbr02,Brian Johnson
almonab01,Abraham Almonte
hamiljo03,Josh Hamilton
devench02,Chris Devenski
maronni01,Nick Maronde
olivehe01,Héctor Olivera
bedarer01,Erik Bedard
alvarda02,Dariel Álvarez
reinhja01,Jack Reinheimer
verhadr01,Drew VerHagen
thorple01,Lewis Thorpe
fieldda01,Daniel Fields
harrimi03,Mitch Harris
reyespa01,Pablo Reyes
blantjo01,Joe Blanton
parrama01,Manny Parra
motteta01,Taylor Motter
blandal01,Alex Blandino
familje01,Jeurys Familia
dominjo01,José Domínguez
bemboan01,Anthony Bemboom
konerpa01,Paul Konerko
grayso01,Sonny Gray
solisal01,Ali Solis
valdera02,Raúl Valdés
darnach01,Chase d'Arnaud
castilu02,Luis Castillo
garciri01,Rico Garcia
blankky01,Kyle Blanks
bednada01,David Bednar
sanomi01,Miguel Sanó
bailean01,Andrew Bailey
peralda01,David Peralta
grateju01,Juan Graterol
cuevawi01,William Cuevas
rojasmi02,Miguel Rojas
kopecmi01,Michael Kopech
olmosed01,Edgar Olmos
newbeja01,Jake Newberry
boteda01,David Bote
abadfe01,Fernando Abad
paulxa01,Xavier Paul
garciro02,Robel García
mcbrory01,Ryan McBroom
stewabr01,Brock Stewart
jankotr01,Travis Jankowski
judgeaa01,Aaron Judge
valbulu01,Luis Valbuena
brachbr01,Brad Brach
bauertr01,Trevor Bauer
uptonju01,Justin Upton
smithch10,Chris Smith
socolmi01,Miguel Socolovich
ortizlu02,Luis Ortiz
lindgja01,Jacob Lindgren
ruppca01,Cameron Rupp
marcush01,Shaun Marcum
wagueja01,Jacob Waguespack
civalaa01,Aaron Civale
bumgama01,Madison Bumgarner
smithmu01,Murphy Smith
bradlar01,Archie Bradley
streehu01,Huston Street
treinbl01,Blake Treinen
schlibr01,Brian Schlitter
kinslia01,Ian Kinsler
hannaja01,Jack Hannahan
marteke01,Ketel Marte
cruzto03,Tony Cruz
figuepe01,Pedro Figueroa
gomezhe01,Héctor Gómez
guerrja02,Javy Guerra
mullice01,Cedric Mullins
colege01,Gerrit Cole
chapmke02,Kevin Chapman
contrca01,Carlos Contreras
aranovi01,Víctor Arano
magnida01,Damien Magnifico
germego01,González Germen
lavarry01,Ryan Lavarnway
marjami01,Mike Marjama
marteke02,Kelvin Marté
izturma01,Maicer Izturis
wrighwe01,Wesley Wright
pareded02,Edward Paredes
petitgr01,Gregorio Petit
alonspe01,Pete Alonso
martivi01,Victor Martinez
mccanja02,James McCann
wilkian01,Andy Wilkins
ramosed02,Edubray Ramos
melviti01,Tim Melville
johnsda06,Dan Johnson
figaral01,Alfredo Figaro
vargaja01,Jason Vargas
germado01,Domingo Germán
vastoje01,Jerry Vasto
brantmi02,Michael Brantley
freemsa01,Sam Freeman
allengr01,Greg Allen
albural01,Al Alburquerque
arciafr01,Francisco Arcia
infangr01,Gregory Infante
fulmemi01,Michael Fulmer
snellbl01,Blake Snell
evansni01,Nick Evans
mcculla02,Lance McCullers Jr.
anderbr05,Bryan Anderson
escobed02,Edwin Escobar
wheelze01,Zelous Wheeler
hallma02,Matt Hall
hiurake01,Keston Hiura
gilmase01,Sean Gilmartin
wadela01,LaMonte Wade Jr
vogtst01,Stephen Vogt
benoijo01,Joaquin Benoit
roech01,Chaz Roe
goldbbr01,Brad Goldberg
francen01,Enderson Franco
davisja03,Jaylin Davis
ponceda01,Daniel Ponce de Leon
fontano01,Nolan Fontana
eibnebr01,Brett Eibner
scottta02,Tayler Scott
severlu01,Luis Severino
suarean01,Andrew Suarez
scherma01,Max Scherzer
choicmi01,Michael Choice
drakeol01,Oliver Drake
marksju01,Justin Marks
jenseky01,Kyle Jensen
grichra01,Randal Grichuk
asheral01,Alec Asher
vendipa01,Pat Venditte
starlbu01,Bubba Starling
mccarbr01,Brandon McCarthy
williju02,Justin Williams
bellico01,Cody Bellinger
altheaa01,Aaron Altherr
quallch01,Chad Qualls
brownan02,Andrew Brown
tolesan01,Andrew Toles
andujmi01,Miguel Andújar
harvehu01,Hunter Harvey
browndo01,Domonic Brown
peacobr01,Brad Peacock
guilbta01,Taylor Guilbeau
leblawa01,Wade LeBlanc
jacksau01,Austin Jackson
estrama01,Marco Estrada
torrera01,Ramón Torres
gombeau01,Austin Gomber
swarzan01,Anthony Swarzak
baezsa01,Sandy Báez
riverfe01,Felipe Vázquez
janispa01,Paul Janish
callaal01,Alberto Callaspo
rosinse01,Seth Rosin
cowgico01,Collin Cowgill
dukeza01,Zach Duke
noonani01,Nick Noonan
boshebu01,Buddy Boshers
bummeaa01,Aaron Bummer
quijajo01,José Quijada
capuach01,Chris Capuano
nealza01,Zach Neal
carasma01,Matt Carasiti
triggan01,Andrew Triggs
hessda01,David Hess
walkene01,Neil Walker
zieglbr01,Brad Ziegler
sadzeco01,Connor Sadzeck
boescbr01,Brennan Boesch
ramosce01,César Ramos
gosseph01,Phil Gosselin
smoakju01,Justin Smoak
bowmama01,Matt Bowman
gourryu01,Yuli Gurriel
morofma01,Max Moroff
munozya01,Yairo Muñoz
meyerbe02,Ben Meyer
bergetr01,Travis Bergen
doumiry01,Ryan Doumit
plutkad01,Adam Plutko
meyeral01,Alex Meyer
harriwi10,Will Harris
hartlge01,Geoff Hartlieb
verlaju01,Justin Verlander
partccu01,Curtis Partch
cortene01,Nestor Cortes Jr.
morgaad01,Adam Morgan
casilal01,Alexi Casilla
kubelja01,Jason Kubel
hesslke01,Keith Hessler
volqued01,Edinson Vólquez
garcigr01,Greg Garcia
sampsad01,Adrian Sampson
jacksed01,Edwin Jackson
mccutda01,Daniel McCutchen
riverre01,René Rivera
feddeer01,Erick Fedde
caminar01,Arquimedes Caminero
ramirha02,Harold Ramírez
garcija04,Jarlin García
underdu01,Duane Underwood Jr.
martira04,Rafael Martín
reyesje01,Jesús Reyes
olsonty01,Tyler Olson
jackslu01,Luke Jackson
wendljo01,Joey Wendle
ellisaj01,A.J. Ellis
montera01,Rafael Montero
anderty01,Tyler Anderson
allenlo01,Logan Allen
webbda01,Daniel Webb
taylomi02,Michael A. Taylor
valaipa01,Pat Valaika
mckinbi01,Billy McKinney
elmorja01,Jake Elmore
pazosja01,James Pazos
giolilu01,Lucas Giolito
erlinro01,Robbie Erlin
andersh01,Shaun Anderson
hynesco01,Colt Hynes
stubbga01,Garrett Stubbs
gurkaja01,Jason Gurka
stockro01,Robert Stock
menezco01,Conner Menez
gordoal01,Alex Gordon
martida02,David Martínez
sotoju01,Juan Soto
shoemma01,Matt Shoemaker
suerowa01,Wander Suero
teperry01,Ryan Tepera
gomesya01,Yan Gomes
smylydr01,Drew Smyly
villajo01,Jonathan Villar
noesihe01,Héctor Noesí
araujel01,Elvis Araujo
foltymi01,Mike Foltynewicz
stephro01,Robert Stephenson
cloydty01,Tyler Cloyd
rosaram01,Amed Rosario
ramirar01,Aramis Ramírez
zimmebr01,Bradley Zimmer
dysonja01,Jarrod Dyson
alvarhe01,Henderson Alvarez III
herrejo03,Jonathan Herrera
jonesja06,James Jones
sardilu01,Luis Sardiñas
mckaybr01,Brendan McKay
wainwad01,Adam Wainwright
hatlema01,Marcus Hatley
deanpa02,Pat Dean
torregl01,Gleyber Torres
brownco01,Corey Brown
farnsky01,Kyle Farnsworth
rondojo02,José Rondón
happia01,Ian Happ
alforan01,Anthony Alford
kangju01,Jung Ho Kang
gonzama02,Marco Gonzales
ibarred01,Edgar Ibarra
maytr01,Trevor May
sabatc.01,CC Sabathia
navaref01,Efren Navarro
lylesjo01,Jordan Lyles
heywaja01,Jason Heyward
zagunma01,Mark Zagunis
ohtansh01,Shohei Ohtani
floripe01,Pedro Florimón
weeksri01,Rickie Weeks
cartech02,Chris Carter
anderbr04,Brett Anderson
plouftr01,Trevor Plouffe
floreke01,Kendry Flores
campber01,Eric Campbell
verrelo01,Logan Verrett
ellsbja01,Jacoby Ellsbury
murphdo01,Donnie Murphy
herreod01,Odúbel Herrera
torreca01,Carlos Torres
cottsne01,Neal Cotts
puntoni01,Nick Punto
denniry01,Ryan Dennick
laurera01,Ramón Laureano
bakerje03,Jeff Baker
martija03,Jason Martin
johnser04,Erik Johnson
cronke01,Kevin Cron
felizmi01,Michael Feliz
frasoja01,Jason Frasor
moranco01,Colin Moran
pencehu01,Hunter Pence
segurje01,Jean Segura
schiena01,Nate Schierholtz
estevca01,Carlos Estévez
ramirha01,Hanley Ramírez
rossro01,Robbie Ross
knappan01,Andrew Knapp
gregelu01,Luke Gregerson
gonzami03,Miguel González
boltsk01,Skye Bolt
tinocje01,Jesús Tinoco
alanirj01,R.J. Alaniz
greinza01,Zack Greinke
chaveje01,Jesse Chavez
jordata01,Taylor Jordan
hugheph01,Phil Hughes
carlesh01,Shane Carle
hoyinja01,Jared Hoying
hallco01,Cody Hall
lambja01,Jake Lamb
federti01,Tim Federowicz
gentrcr01,Craig Gentry
walljo02,Josh Wall
davisch02,Chris Davis
chatwty01,Tyler Chatwood
mccoypa01,Pat McCoy
turneja01,Jacob Turner
ellisch01,Chris Ellis
lawde01,Derek Law
bradlje01,Jed Bradley
reckean01,Anthony Recker
purkema01,Matt Purke
quirogu01,Guillermo Quiroz
ferreje01,Jeff Ferrell
sherrry01,Ryan Sherriff
davisjo06,Johnny Davis
colvity01,Tyler Colvin
bonifjo01,Jorge Bonifacio
scribtr01,Troy Scribner
duffyma01,Matt Duffy
nolasri01,Ricky Nolasco
zuninmi01,Mike Zunino
perezca02,Carlos Pérez
wrighja01,Jamey Wright
gamboed01,Eddie Gamboa
tropeni01,Nick Tropeano
papeljo01,Jonathan Papelbon
mcneije01,Jeff McNeil
stanery01,Ryne Stanek
ryanbr01,Brendan Ryan
belisma01,Matt Belisle
rodgebr01,Brady Rodgers
wrighmi01,Mike Wright
gausmke01,Kevin Gausman
alcaljo01,Jorge Alcalá
crawfca02,Carl Crawford
schafjo02,Jordan Schafer
lerouch01,Chris Leroux
thielca01,Caleb Thielbar
litteza01,Zack Littell
wallabr01,Brett Wallace
saupowa01,Warwick Saupold
mcmahry01,Ryan McMahon
reedad01,Addison Reed
marquge01,German Márquez
bashlty01,Tyler Bashlor
dahlda01,David Dahl
bishobr01,Braden Bishop
martico02,Corbin Martin
abreubo01,Bobby Abreu
monteje01,Jesús Montero
cabrera01,Ramón Cabrera
larocad01,Adam LaRoche
wardta01,Taylor Ward
allarko01,Kolby Allard
hoffmje02,Jeff Hoffman
boyerbl01,Blaine Boyer
abreujo02,José Abreu
kingmi01,Michael King
martiky01,Kyle Martin
alvarjo02,José Álvarez
gwynnto02,Tony Gwynn
cowarka01,Kaleb Cowart
couloda01,Danny Coulombe
jewelja01,Jake Jewell
speiega01,Gabe Speier
harenda01,Dan Haren
bartlja01,Jason Bartlett
coghlch01,Chris Coghlan
zamorda01,Daniel Zamora
martile01,Leonys Martín
broxtjo01,Jonathan Broxton
holmecl01,Clay Holmes
moscojo01,Jon Moscot
atchisc01,Scott Atchison
forsylo01,Logan Forsythe
jenkity01,Tyrell Jenkins
buckjo01,John Buck
evelada01,Dana Eveland
nolinse01,Sean Nolin
hayesdr01,Drew Hayes
hardybl01,Blaine Hardy
willide03,Devin Williams
machaan02,Andrés Machado
gonzase01,Severino González
rodrihe03,Henry Rodríguez
chiriro01,Robinson Chirinos
colomal01,Alex Colomé
weberry01,Ryan Weber
perdolu02,Luis Perdomo
garcion01,Onelki García
jennida01,Dan Jennings
eadesry01,Ryan Eades
layneto01,Tommy Layne
bettsmo01,Mookie Betts
hartco01,Corey Hart
callaja01,Jamie Callahan
shrevch01,Chasen Shreve
tovarwi01,Wilfredo Tovar
rosscza01,Zac Rosscup
korecbo01,Bobby Korecky
perezeu01,Eury Pérez
higasky01,Kyle Higashioka
gracema02,Matt Grace
diazda01,Dayan Díaz
mayermi01,Mike Mayers
petityu01,Yusmeiro Petit
barnhtu01,Tucker Barnhart
pireljo01,José Pirela
smithke04,Kevan Smith
perezro02,Roberto Pérez
ramirra02,Ramón Ramírez
shawtr01,Travis Shaw
curtiza01,Zac Curtis
dermoma01,Matt Dermody
murphse01,Sean Murphy
greengr01,Grant Green
nathajo01,Joe Nathan
mazzach01,Chris Mazza
ryuhy01,Hyun Jin Ryu
taveros01,Óscar Taveras
ambrihe01,Hector Ambriz
jungmta01,Taylor Jungmann
santado01,Domingo Santana
lovelri01,Richard Lovelady
cishest01,Steve Cishek
rodrijo06,Joely Rodríguez
refsnro01,Rob Refsnyder
grandcu01,Curtis Granderson
wrighky01,Kyle Wright
vinceni01,Nick Vincent
yacabji01,Jimmy Yacabonis
ginkeke01,Kevin Ginkel
aumonph01,Phillippe Aumont
goldspa01,Paul Goldschmidt
greensh02,Shane Greene
schuspa01,Patrick Schuster
murphda08,Daniel Murphy
wilsobr01,Brian Wilson
lawreca01,Casey Lawrence
oakstr01,Trevor Oaks
chambjo03,Joba Chamberlain
johnsre02,Reed Johnson
belljo02,Josh Bell
staumjo01,Josh Staumont
valdejo03,José Váldez
bautira01,Rafael Bautista
moronre01,Reyes Moronta
tollias01,Ashur Tolliver
reynobr01,Bryan Reynolds
brownse01,Seth Brown
pinedmi01,Michael Pineda
clarkta01,Taylor Clarke
gilleco01,Cole Gillespie
candeje01,Jeimer Candelario
ueharko01,Koji Uehara
terdojo01,Joey Terdoslavich
rosarwi01,Wilin Rosario
cashnan01,Andrew Cashner
cessalu01,Luis Cessa
boscawi01,Wilfredo Boscan
fletcda02,David Fletcher
brennbr01,Brandon Brennan
schlogu01,Gus Schlosser
blairca01,Carson Blair
wislema01,Matt Wisler
parkeky01,Kyle Parker
montafr02,Frankie Montas
cabreme01,Melky Cabrera
flaheja01,Jack Flaherty
masteju01,Justin Masterson
correke01,Kevin Correia
guthrje01,Jeremy Guthrie
ariasjo01,Joaquín Árias
hudsoti01,Tim Hudson
pelfrmi01,Mike Pelfrey
tanakma01,Masahiro Tanaka
alberha01,Hanser Alberto
rodriro03,Ronny Rodríguez
lockewa01,Walker Lockett
arteahu01,Humberto Arteaga
gimench01,Chris Gimenez
duvalad01,Adam Duvall
hayesbr01,Brett Hayes
sanchga01,Gaby Sánchez
stratch01,Chris Stratton
gonzama01,Marwin González
haleyju01,Justin Haley
dunnmi01,Mike Dunn
karnsna01,Nate Karns
escobyu01,Yunel Escobar
bradfch02,Chasen Bradford
gosean01,Anthony Gose
gillaco01,Conor Gillaspie
guilllu01,Luis Guillorme
cuevano01,Noel Cuevas
garcied01,Edgar García
sippto01,Tony Sipp
burnea.01,A.J. Burnett
baderha01,Harrison Bader
sotone01,Neftali Soto
eatonad02,Adam Eaton
surkaer01,Eric Surkamp
krausma01,Marc Krauss
trahabl01,Blake Trahan
handdo01,Donovan Hand
cecchga01,Garin Cecchini
outmajo01,Josh Outman
phillev01,Evan Phillips
millsbr02,Brad Mills
johnsdj01,DJ Johnson
morejad01,Adrián Morejón
schaflo01,Logan Schafer
barmecl01,Clint Barmes
wilsoju10,Justin Wilson
courtry01,Ryan Court
hechaad01,Adeiny Hechavarría
watkilo01,Logan Watkins
stanlco01,Cody Stanley
guerrju02,Junior Guerra
hembrhe01,Heath Hembree
tollesh01,Shawn Tolleson
pridija01,Jason Pridie
thompaa01,Aaron Thompson
wilkest01,Stevie Wilkerson
linceti01,Tim Lincecum
cokeph01,Phil Coke
martijd02,J.D. Martinez
turnetr01,Trea Turner
valerbr01,Breyvic Valera
hillti01,Tim Hill
huch02,Chih-Wei Hu
smithjo05,Joe Smith
frankse01,Seth Frankoff
reimono01,Nolan Reimold
johnspi01,Pierce Johnson
andruel01,Elvis Andrus
sadleca02,Casey Sadler
zavalse01,Seby Zavala
willitr01,Trevor Williams
gotttr01,Trevor Gott
moranbr01,Brian Moran
feierry01,Ryan Feierabend
galleza01,Zac Gallen
delosab01,Abel De Los Santos
hendeji01,Jim Henderson
newmake01,Kevin Newman
mcclare01,Reggie McClain
herreel01,Elian Herrera
susacan01,Andrew Susac
romanjo03,Jordan Romano
depaujo02,José De Paula
hassaal01,Alex Hassan
sweenda02,Darnell Sweeney
tayloch03,Chris Taylor
nolaaa01,Aaron Nola
bucknbi02,Billy Buckner
sierrma01,Magneuris Sierra
salech01,Chris Sale
evansph01,Phillip Evans
nunezle01,Juan Carlos Oviedo
strichu01,Hunter Strickland
barneda01,Darwin Barney
ruizjo01,José Ruiz
toroab01,Abraham Toro
banuema01,Manny Bañuelos
felizne01,Neftalí Feliz
guyerbr01,Brandon Guyer
campato01,Tony Campana
obriepe01,Peter O'Brien
waldejo01,Jordan Walden
smithjo08,Josh D. Smith
graveke01,Kendall Graveman
sotoge01,Geovany Soto
kniznan01,Andrew Knizner
iribahe01,Hernan Iribarren
soriaal01,Alfonso Soriano
geltzst01,Steve Geltz
fieldth01,Thomas Field
herrmfr01,Frank Herrmann
schimry01,Ryan Schimpf
rosajo01,Jorge De La Rosa
tartatr01,Travis Tartamella
constjo01,José Constanza
solakni01,Nick Solak
parrian01,Andy Parrino
skaggty01,Tyler Skaggs
chaveer01,Eric Chávez
cuddymi01,Michael Cuddyer
ervinph01,Phil Ervin
turneju01,Justin Turner
schepta01,Tanner Scheppers
dobbsgr01,Greg Dobbs
morneju01,Justin Morneau
davieky01,Kyle Davies
uriaslu01,Luis Urías
salasfe01,Fernando Salas
kensilo01,Logan Kensing
maxwebr01,Bruce Maxwell
santose01,Sergio Santos
rickajo01,Joey Rickard
garvemi01,Mitch Garver
weavelu01,Luke Weaver
plaweke01,Kevin Plawecki
webblo01,Logan Webb
jankojo01,Jordan Jankowski
buterdr01,Drew Butera
adcocna01,Nathan Adcock
garcilu03,Luís Garcia
webbry01,Ryan Webb
castran01,Ángel Castro
urruthe01,Henry Urrutia
vottojo01,Joey Votto
faulkan01,Andrew Faulkner
kendrky01,Kyle Kendrick
payamjo01,Joel Payamps
lindofr01,Francisco Lindor
hanhoer01,Eric Hanhold
owensru01,Rudy Owens
pennybr01,Brad Penny
reynoma01,Mark Reynolds
hoernni01,Nico Hoerner
herreke01,Kelvin Herrera
craigal01,Allen Craig
castrmi01,Miguel Castro
diazis01,Isan Díaz
reedch01,Chris Reed
utleych01,Chase Utley
buxtoby01,Byron Buxton
buehlwa01,Walker Buehler
adamsma01,Matt Adams
luetglu01,Lucas Luetge
aquinar01,Aristides Aquino
hollagr01,Greg Holland
rossjo01,Joe Ross
caveja01,Jake Cave
mossbr01,Brandon Moss
lailbr01,Brady Lail
sogarer01,Eric Sogard
riddljt01,JT Riddle
kuhnejo01,Joel Kuhnel
youngde03,Delmon Young
pastoty01,Tyler Pastornicky
tellero01,Rowdy Tellez
reedaj01,AJ Reed
crawfjp01,J.P. Crawford
rondohe01,Héctor Rondón
troutmi01,Mike Trout
sturdty01,Tyler Sturdevant
shawbr01,Bryan Shaw
oltmi01,Mike Olt
mulleco01,Conor Mullee
bloomwi01,Willie Bloomquist
briceau01,Austin Brice
willima11,Mac Williamson
gonzaal04,Alfredo González
espinda01,Danny Espinosa
francju02,Juan Francisco
lafrobo01,Bobby LaFromboise
mchugco01,Collin McHugh
mortoch02,Charlie Morton
richaan01,Antoan Richardson
tsaoch01,Chin-hui Tsao
wilkeaa01,Aaron Wilkerson
buenofr01,Francisley Bueno
almonmi01,Miguel Almonte
castrwi01,Willi Castro
margoma01,Manuel Margot
mengdda01,Daniel Mengden
fraleja01,Jake Fraley
francty01,Ty France
barneja01,Jacob Barnes
smithse01,Seth Smith
stitema01,Matt Stites
moorema02,Matt Moore
masseni01,Nick Masset
stinsjo01,Josh Stinson
dixonbr01,Brandon Dixon
cabreas01,Asdrúbal Cabrera
maholpa01,Paul Maholm
cumptbr01,Brandon Cumpton
hernada02,Darwinzon Hernández
marquja01,Jason Marquis
riosya01,Yacksel Ríos
confomi01,Michael Conforto
bellhe01,Heath Bell
smithwi04,Will Smith
delmoni01,Nicky Delmonico
hernajo02,Jonathan Hernandez
darnatr01,Travis d'Arnaud
alberma01,Matt Albers
gardnbr01,Brett Gardner
hollade01,Derek Holland
rodriwi02,Wilking Rodríguez
putnaza01,Zach Putnam
mathije01,Jeff Mathis
lackejo01,John Lackey
baumabu01,Buddy Baumann
fieldjo04,Johnny Field
lairdge01,Gerald Laird
cothaca01,Caleb Cotham
smithca03,Caleb Smith
navarre01,Rey Navarro
barneda02,Danny Barnes
bleicje01,Jeremy Bleich
achteaj01,A.J. Achter
hartdo01,Donnie Hart
cecilda01,Darrell Ceciliani
torreal01,Álex Torres
hamilia01,Ian Hamilton
waldema01,Marcus Walden
egeco01,Cody Ege
heathsl01,Slade Heathcott
alexasc02,Scott Alexander
cordoal01,Allen Córdoba
albieoz01,Ozzie Albies
millean01,Andrew Miller
doubrfe01,Félix Doubront
kratzer01,Erik Kratz
coleaj01,A.J. Cole
somsela01,Layne Somsen
reedco01,Cody Reed
norwoja01,James Norwood
greggke01,Kevin Gregg
kolarad01,Adam Kolarek
ackledu01,Dustin Ackley
duffety01,Tyler Duffey
wilkad01,Adam Wilk
garciar01,Aramís García
schrejo01,John Schreiber
blackpa01,Paul Blackburn
youngma03,Madison Younginer
chenbr01,Bruce Chen
scottta01,Tanner Scott
martean01,Andy Marté
washida01,David Washington
brothre01,Rex Brothers
johnssh01,Sherman Johnson
phelpda01,David Phelps
davidma02,Matt Davidson
winklda01,Dan Winkler
cornejo01,John Cornely
ortegjo01,José Ortega
ricesc01,Scott Rice
smithdo02,Dominic Smith
norride01,Derek Norris
delarru01,Rubby De La Rosa
josepto01,Tommy Joseph
spruize01,Zeke Spruill
mcgowky01,Kyle McGowin
castrha01,Harold Castro
ethiean01,Andre Ethier
oflaher01,Eric O'Flaherty
bogusbr01,Brian Bogusevic
grotzza01,Zac Grotz
nelsoch01,Chris Nelson
peraljh01,Jhonny Peralta
jaimeju01,Juan Jaime
kieboca01,Carter Kieboom
lopezpa01,Pablo López
lamarry01,Ryan LaMarre
doziebr01,Brian Dozier
iwakuhi01,Hisashi Iwakuma
burawda01,Danny Burawa
stassma01,Max Stassi
hansoal01,Alen Hanson
urenari01,Richard Ureña
beeksja02,Jalen Beeks
chacijh01,Jhoulys Chacín
sloweke01,Kevin Slowey
kellyca02,Carson Kelly
armstsh01,Shawn Armstrong
wadety01,Tyler Wade
lopezwi01,Wilton López
nerishe01,Héctor Neris
povsema01,Max Povse
cunnibr02,Brandon Cunniff
morelbr01,Brent Morel
ennsdi01,Dietrich Enns
freimna01,Nate Freiman
carpema01,Matt Carpenter
alvaryo01,Yordan Álvarez
adriaeh01,Ehire Adrianza
campole01,Leonel Campos
cainlo01,Lorenzo Cain
paulife01,Felipe Paulino
archech01,Chris Archer
rogerjo01,Josh Rogers
straury01,Ryan Strausborger
urshegi01,Gio Urshela
tuivasa01,Sam Tuivailala
adlemti01,Tim Adleman
bernaro01,Roger Bernadina
belivje01,Jeff Beliveau
phillbr02,Brett Phillips
rodgebr02,Brendan Rodgers
janseke01,Kenley Jansen
gomesjo01,Jonny Gomes
pierza.01,A.J. Pierzynski
ogradbr01,Brian O'Grady
telisto01,Tomás Telis
phelpco01,Cord Phelps
lakintr01,Travis Lakins
montemi01,Miguel Montero
vogelry01,Ryan Vogelsong
austity01,Tyler Austin
berrijo01,José Berríos
gindlca01,Caleb Gindl
moorean02,Andrew Moore
hutchdr01,Drew Hutchison
grimmju01,Justin Grimm
britoso01,Sócrates Brito
givenmy01,Mychal Givens
hernace02,César Hernández
ohse01,Seunghwan Oh
castiru02,Rusney Castillo
chenwe02,Wei-Yin Chen
bonilli01,Lisalverto Bonilla
peterdi01,Dillon Peters
lowebr01,Brandon Lowe
grubeja01,Jarrett Grube
adamsla01,Lane Adams
herrero01,Ronald Herrera
anderta01,Tanner Anderson
medlekr01,Kris Medlen
mejiaer01,Erick Mejia
kiescro01,Roger Kieschnick
sneedcy01,Cy Sneed
bussni01,Nick Buss
housetj01,T.J. House
springe01,George Springer
thompja03,Jake Thompson
lobatjo01,Jose Lobaton
siegrke01,Kevin Siegrist
culbech01,Charlie Culberson
manesse01,Seth Maness
gennesc01,Scooter Gennett
jayjo02,Jon Jay
narvech01,Chris Narveson
bauerja01,Jake Bauers
burneco01,Corbin Burnes
staufti01,Tim Stauffer
mateoma01,Marcos Mateo
marrech01,Chris Marrero
gomezje01,Jeanmar Gómez
suarejo01,José Suarez
hollima01,Matt Holliday
brossmi01,Mike Brosseau
boxbebr01,Brad Boxberger
petersh01,Shane Peterson
pelhacd01,CD Pelham
heredgu01,Guillermo Heredia
cozarza01,Zack Cozart
lindsma01,Matt Lindstrom
ellisma01,Mark Ellis
leeda02,Dae-ho Lee
naquity01,Tyler Naquin
lopezyo01,Yoan López
thayeda01,Dale Thayer
odayda01,Darren O'Day
leonedo01,Dominic Leone
putkolu01,Luke Putkonen
vazquch01,Christian Vázquez
peavyja01,Jake Peavy
hochelu01,Luke Hochevar
ceasedy01,Dylan Cease
wolteto01,Tony Wolters
correca01,Carlos Correa
leclejo01,José Leclerc
wootero01,Rob Wooten
rosentr01,Trevor Rosenthal
irvinco01,Cole Irvin
parrage01,Gerardo Parra
meadoau01,Austin Meadows
norrida01,Daniel Norris
liberad01,Adam Liberatore
ruizri01,Rio Ruiz
beedety01,Tyler Beede
uriasju01,Julio Urías
thorntr01,Trent Thornton
cookry01,Ryan Cook
bernido01,Doug Bernier
lyonsty01,Tyler Lyons
kawasmu01,Munenori Kawasaki
abreuto01,Tony Abreu
rominau01,Austin Romine
lopezjo02,Jorge López
gardeni01,Nick Gardewine
gonzaal02,Álex González
bastaan01,Antonio Bastardo
dunnju01,Justin Dunn
mejiaal01,Alex Mejia
lorenmi01,Michael Lorenzen
robindr01,Drew Robinson
garcibr01,Bryan Garcia
holtty01,Tyler Holt
lucased01,Ed Lucas
carreez01,Ezequiel Carrera
drurybr01,Brandon Drury
leagubr01,Brandon League
napolmi01,Mike Napoli
lincobr01,Brad Lincoln
thornma01,Matt Thornton
biggica01,Cavan Biggio
pocheco01,Colin Poche
janssca01,Casey Janssen
cedenro02,Ronny Cedeño
peralwi01,Wily Peralta
fieldpr01,Prince Fielder
baronst01,Steven Baron
uribeju01,Juan Uribe
aybarer01,Erick Aybar
descada01,Daniel Descalso
kelake01,Keone Kela
slateau01,Austin Slater
gregodi01,Didi Gregorius
toussto01,Touki Toussaint
walteza01,Zach Walters
rodrigu02,Guilder Rodríguez
shaffri01,Richie Shaffer
perezma02,Martín Pérez
richacl01,Clayton Richard
gomesbr01,Brandon Gomes
castrda01,Daniel Castro
beresja01,James Beresford
hoovejj01,J.J. Hoover
winkeje01,Jesse Winker
pettijo02,Jonathan Pettibone
gallegi01,Giovanny Gallegos
blackvi01,Vic Black
carpery01,Ryan Carpenter
vasquan02,Andrew Vasquez
reverbe01,Ben Revere
ruary01,Ryan Rua
hernael01,Elieser Hernández
younger03,Eric Young Jr.
sandopa02,Patrick Sandoval
ryanky01,Kyle Ryan
clevimi01,Mike Clevinger
alberan01,Andrew Albers
garrere01,Reed Garrett
kubitky01,Kyle Kubitza
pareded01,Eduardo Paredes
perezmi03,Michael Pérez
luciael01,Elvis Luciano
stephja01,Jackson Stephens
hearnta01,Taylor Hearn
diamosc01,Scott Diamond
reyesvi01,Víctor Reyes
hanneja01,Jacob Hannemann
blashja01,Jabari Blash
corcida01,Daniel Corcino
alcanvi01,Victor Alcántara
panikjo01,Joe Panik
hugheja02,Jared Hughes
baxtemi01,Mike Baxter
maybejo02,John Mayberry
castifa01,Fabio Castillo
reddijo01,Josh Reddick
deanau01,Austin Dean
milonto01,Tommy Milone
stulter01,Eric Stults
mcguire01,Reese McGuire
holdzjo01,John Holdzkom
orourry01,Ryan O'Rourke
wheelza01,Zack Wheeler
arojo01,Jonathan Aro
figgich01,Chone Figgins
skogler01,Eric Skoglund
swanser01,Erik Swanson
carrosc02,Scott Carroll
bolsimi01,Mike Bolsinger
claibpr01,Preston Claiborne
andrejo03,John Andreoli
wilsobr02,Bryse Wilson
slanida01,Dan Slania
quintjo01,José Quintana
wheelja01,Jason Wheeler
peterdu01,Dustin Peterson
lutzdo01,Donald Lutz
mccread01,Adam McCreery
latosma01,Mat Latos
diekmja01,Jake Diekman
almoral01,Albert Almora
middlwi01,Will Middlebrooks
saundjo01,Joe Saunders
huffda01,David Huff
hollama01,Mario Hollands
nesbian01,Ángel Nesbitt
syndeno01,Noah Syndergaard
okertst01,Steven Okert
gartory01,Ryan Garton
souzast01,Steven Souza Jr.
zastrro01,Rob Zastryzny
pivetni01,Nick Pivetta
eflinza01,Zach Eflin
kimbrcr01,Craig Kimbrel
makitka01,Kazuhisa Makita
greench03,Chad Green
deverra01,Rafael Devers
kingesc01,Scott Kingery
wilsoty01,Tyler Wilson
storedr01,Drew Storen
penafe01,Felix Peña
smokejo01,Josh Smoker
roberda10,Daniel Robertson
beckejo02,Josh Beckett
phamth01,Tommy Pham
cordefr02,Franchy Cordero
sparkgl01,Glenn Sparkman
blackra01,Ray Black
lucchjo01,Joey Lucchesi
rayro02,Robbie Ray
rodrifr03,Francisco Rodríguez
florody01,Dylan Floro
readra01,Raudy Read
varvaan01,Anthony Varvaro
munozan01,Andrés Muñoz
luxga01,Gavin Lux
straida01,Dan Straily
villach01,Christian Villanueva
crichst01,Stefan Crichton
overtdi01,Dillon Overton
anderdr02,Drew Anderson
pressry01,Ryan Pressly
collmjo01,Josh Collmenter
dickeal01,Alex Dickerson
feathta01,Taylor Featherston
bergmch01,Christian Bergman
jonesry01,Ryder Jones
gonsoto01,Tony Gonsolin
nollja01,Jake Noll
mejiase01,Seth Mejias-Brean
tsengje01,Jen-Ho Tseng
arciaos01,Oswaldo Arcia
ogandne01,Nefi Ogando
alexaty01,Tyler Alexander
heinety01,Tyler Heineman
brookaa01,Aaron Brooks
madsory01,Ryan Madson
fairbpe01,Pete Fairbanks
chapmma01,Matt Chapman
kellesh01,Shawn Kelley
olivele01,Lester Oliveros
hestoch01,Chris Heston
parkby01,ByungHo Park
aokino01,Nori Aoki
corpoca01,Carlos Corporán
merriry01,Ryan Merritt
schulbo02,Bo Schultz
worleva01,Vance Worley
taijetr01,Travis Taijeron
tabatjo01,José Tabata
heisech01,Chris Heisey
pachejo01,Jordan Pacheco
anderbr06,Brian Anderson
tomasya01,Yasmany Tomás
gonzagi01,Gio González
bourgja01,Jason Bourgeois
johnske05,Kelly Johnson
lindad01,Adam Lind
withrch01,Chris Withrow
perezch01,Chris Pérez
goinsry01,Ryan Goins
farrelu01,Luke Farrell
ozunama01,Marcell Ozuna
crockky01,Kyle Crockett
davisjo05,Jonathan Davis
marisja01,Jake Marisnick
yarbrry01,Ryan Yarbrough
milneho01,Hoby Milner
nunezed02,Eduardo Núñez
mendero01,Román Méndez
knudsgu01,Guido Knudson
carpmi01,Mike Carp
ramirer02,Erasmo Ramírez
lopezja02,Javier López
musgrjo01,Joe Musgrove
peralwa01,Wandy Peralta
gonzame01,Merandy González
maldoma01,Martín Maldonado
goforda01,David Goforth
harrijo05,Josh Harrison
calhoko01,Kole Calhoun
merriwh01,Whit Merrifield
belnovi01,Vince Belnome
birdgr01,Greg Bird
garream01,Amir Garrett
hatchch02,Chris Hatcher
kohnmi01,Michael Kohn
chacial01,Alejandro Chacin
smithty01,Tyler Smith
hellije01,Jeremy Hellickson
lowrije01,Jed Lowrie
woodhu01,Hunter Wood
cingrto01,Tony Cingrani
moncrca01,Carlos Moncrief
yelicch01,Christian Yelich
schoojo01,Jonathan Schoop
trevijo01,Jose Trevino
renfrhu01,Hunter Renfroe
loneyja01,James Loney
burnsan01,Andy Burns
waltodo01,Donovan Walton
locasti01,Tim Locastro
tilsoch01,Charlie Tilson
rzepcma01,Marc Rzepczynski
acunaro01,Ronald Acuña Jr.
drabeky01,Kyle Drabek
gratebr01,Brusdar Graterol
smeltde01,Devin Smeltzer
crispco01,Coco Crisp
piscost01,Stephen Piscotty
stumpda01,Daniel Stumpf
garcija02,Jaime García
bakerjo01,John Baker
amarial01,Alexi Amarista
garciad01,Adonis García
ravelra01,Rangel Ravelo
penabr01,Brayan Peña
rodriwa01,Wandy Rodríguez
wilsobo02,Bobby Wilson
rogeres01,Esmil Rogers
kintzbr01,Brandon Kintzler
pillty01,Tyler Pill
allenco01,Cody Allen
smithdw02,Dwight Smith Jr.
frazicl01,Clint Frazier
cosarja01,Jarred Cosart
cobbal01,Alex Cobb
hernate01,Teoscar Hernández
paterjo01,Joe Paterson
medicto01,Tommy Medica
tulowtr01,Troy Tulowitzki
dominch01,Chris Dominguez
milleji02,Jim Miller
kirkmmi01,Michael Kirkman
keplema01,Max Kepler
barlosc01,Scott Barlow
gustaja01,Jandel Gustave
beeleda01,Dallas Beeler
valdece01,César Valdez
wynnsau01,Austin Wynns
rodriri04,Ricardo Rodríguez
mejiaje01,Jenrry Mejia
brignre01,Reid Brignac
suzukku01,Kurt Suzuki
muratto01,Toru Murata
nogosst01,Stephen Nogosek
lagarju01,Juan Lagares
riosal01,Álex Ríos
shielja02,James Shields
conlead01,Adam Conley
williau01,Austen Williams
thomaia01,Ian Thomas
meansjo01,John Means
santolu01,Luis Santos
inciaen01,Ender Inciarte
jimened01,Eduardo Jiménez
lugose01,Seth Lugo
andrima01,Matt Andriese
ortizda01,David Ortiz
iglesra01,Raisel Iglesias
steckdr01,Drew Steckenrider
bourjpe01,Peter Bourjos
colemlo01,Louis Coleman
lemahdj01,DJ LeMahieu
mitchbr01,Bryan Mitchell
weaveje02,Jered Weaver
whalero01,Rob Whalen
loupaa01,Aaron Loup
butleke01,Keith Butler
colemca01,Casey Coleman
rossda01,David Ross
taylojo02,Josh Taylor
wittgni01,Nick Wittgren
lloydky01,Kyle Lloyd
farquda01,Danny Farquhar
lopesti01,Tim Lopes
kiebosp01,Spencer Kieboom
ynoami01,Michael Ynoa
josepca01,Caleb Joseph
matthry01,Ryan Mattheus
saladty01,Tyler Saladino
wongko01,Kolten Wong
travide01,Devon Travis
davisik02,Ike Davis
moyast01,Steven Moya
redmoto01,Todd Redmond
cottojh01,Jharel Cotton
ramirno01,Noé Ramirez
zagurmi01,Mike Zagurski
quereju01,Juniel Querecuto
soriajo01,Joakim Soria
guerrma02,Matt Guerrier
milleju02,Justin Miller
avilaal01,Alex Avila
dunnija01,Jake Dunning
cuetojo01,Johnny Cueto
breslcr01,Craig Breslow
deckeja01,Jaff Decker
infanom01,Omar Infante
diazjo02,Jonathan Diaz
dunnad01,Adam Dunn
mccanbr01,Brian McCann
browntr01,Trevor Brown
romeren01,Enny Romero
carroco01,Cody Carroll
mckayda02,David McKay
cabremi01,Miguel Cabrera
grillja01,Jason Grilli
pinoyo01,Yohan Pino
kayan01,Anthony Kay
lizra01,Radhames Liz
thomala02,Lane Thomas
valenje01,Jesmuel Valentín
osunaro01,Roberto Osuna
joeco01,Connor Joe
pryorst01,Stephen Pryor
buttrty01,Ty Buttrey
butlejo04,Joey Butler
navada01,Daniel Nava
brentbr01,Bryce Brentz
dejesiv02,Iván De Jesús
orfna01,Nate Orf
freesda01,David Freese
shiplbr01,Braden Shipley
montgjo01,Jordan Montgomery
helslry01,Ryan Helsley
beckch02,Chris Beck
matsuda01,Daisuke Matsuzaka
leitema02,Mark Leiter Jr.
romose01,Sergio Romo
quinnro01,Roman Quinn
doziehu01,Hunter Dozier
burnsbi02,Billy Burns
middlke01,Keynan Middleton
roberda09,Daniel Robertson
brownga02,Gary Brown
penaar01,Ariel Peña
schulja02,Jaime Schultz
chapmar01,Aroldis Chapman
mayfija01,Jack Mayfield
bassich01,Chris Bassitt
mcgowdu01,Dustin McGowan
mesorde01,Devin Mesoraco
bridwpa01,Parker Bridwell
storytr01,Trevor Story
mahtomi01,Mikie Mahtook
maddoau01,Austin Maddox
betande01,Dellin Betances
flandyo01,Yohan Flande
snydebr02,Brad Snyder
merceme01,Melvin Mercedes
schwaky01,Kyle Schwarber
harpebr03,Bryce Harper
byrdma01,Marlon Byrd
mollsa01,Sam Moll
kellyty01,Ty Kelly
festama01,Matt Festa
dejonch01,Chase De Jong
haranaa01,Aaron Harang
baezpe01,Pedro Báez
dominse01,Seranthony Domínguez
jennide01,Desmond Jennings
tollest01,Steven Tolleson
cardust01,Stephen Cardullo
smithbl01,Blake Smith
morriaj01,A.J. Morris
beckhgo01,Gordon Beckham
brighja01,Jake Brigham
mancitr01,Trey Mancini
hinojda01,Dalier Hinojosa
schwifr01,Frank Schwindel
polloaj01,AJ Pollock
pattosp01,Spencer Patton
youngch03,Chris Young
lombast02,Steve Lombardozzi
segedro01,Rob Segedin
myerswi01,Wil Myers
chiselo01,Lonnie Chisenhall
annade01,Dean Anna
durapmo01,Montana DuRapau
zychto01,Tony Zych
rominan01,Andrew Romine
sobotch01,Chad Sobotka
rogerty01,Tyler Rogers
diazju03,Jumbo Díaz
lamboan01,Andrew Lambo
reiniza01,Zac Reininger
daviskh01,Khris Davis
quackke01,Kevin Quackenbush
sotogr01,Gregory Soto
martica04,Carlos Martínez
suareal01,Albert Suárez
thompta01,Taylor Thompson
tuckeky01,Kyle Tucker
cunnito01,Todd Cunningham
cordeji01,Jimmy Cordero
faluir01,Irving Falu
rearich01,Chris Rearick
brettry01,Ryan Brett
ravinjo01,Josh Ravin
alcanra01,Raul Alcántara
castrja01,Jason Castro
pimenst01,Stolmy Pimentel
santaca01,Carlos Santana
millemi01,Mike Miller
ramirjo01,José Ramírez
liriary01,Rymer Liriano
tracyma01,Matt Tracy
harvema01,Matt Harvey
baileho02,Homer Bailey
bandaan01,Anthony Banda
suterbr01,Brent Suter
wrighda03,David Wright
jonesad01,Adam Jones
lopezni01,Nicky Lopez
selleju01,Justin Sellers
dendema01,Matt den Dekker
millesh01,Shelby Miller
oberhbr01,Brett Oberholtzer
aardsda01,David Aardsma
deckeco01,Cody Decker
braunry02,Ryan Braun
almonye01,Yency Almonte
yardler01,Eric Yardley
choosh01,Shin-Soo Choo
almonzo01,Zoilo Almonte
preslal01,Alex Presley
sanchto01,Tony Sanchez
jasojo01,John Jaso
rengilu01,Luis Rengifo
neverdo01,Dovydas Neverauskas
shackke01,Kevin Shackelford
longoev01,Evan Longoria
goharlu01,Luiz Gohara
holmbda01,David Holmberg
alcanar01,Arismendy Alcántara
duggero01,Robert Dugger
bakersc02,Scott Baker
robleha01,Hansel Robles
mahlety01,Tyler Mahle
owenshe02,Henry Owens
kempma01,Matt Kemp
hunteto02,Tommy Hunter
rogerja02,Jason Rogers
manshje01,Jeff Manship
griffaj01,A.J. Griffin
frypa01,Paul Fry
youngal01,Alex Young
lockeje01,Jeff Locke
penara02,Ramiro Peña
galvifr01,Freddy Galvis
mazzoco01,Cory Mazzoni
marksma01,Matt Marksberry
coopega03,Garrett Cooper
castiwe01,Welington Castillo
taillja01,Jameson Taillon
hunteto01,Torii Hunter
mcguide02,Deck McGuire
margeni01,Nick Margevicius
mcraeal01,Alex McRae
eshelto01,Thomas Eshelman
brownbr02,Brooks Brown
fuldsa01,Sam Fuld
bochybr02,Brett Bochy
lallibl01,Blake Lalli
soriara01,Rafael Soriano
garzama01,Matt Garza
hultzda01,Danny Hultzen
betanra01,Rafael Betancourt
nicolju01,Justin Nicolino
adducji02,Jim Adduci
ynoaga01,Gabriel Ynoa
hundlni01,Nick Hundley
teagata01,Taylor Teagarden
broxtke01,Keon Broxton
santihe01,Héctor Santiago
colliti01,Tim Collins
haguema01,Matt Hague
lakeju01,Junior Lake
puellce01,César Puello
spangco01,Cory Spangenberg
elbersc01,Scott Elbert
housead01,Adrian Houser
barneto01,Tony Barnette
lewisco01,Colby Lewis
carpeda01,David Carpenter
hosmeer01,Eric Hosmer
munoda01,Daniel Muno
kochma01,Matt Koch
paganem01,Emilio Pagán
stripro01,Ross Stripling
astudwi01,Willians Astudillo
gileske01,Ken Giles
baezmi01,Michel Báez
perazjo01,José Peraza
anderni01,Nick Anderson
reynoma02,Matt Reynolds
pegueca01,Carlos Peguero
agrazda01,Dario Agrazal
frierer01,Ernesto Frieri
dickeco01,Corey Dickerson
realmjt01,J.T. Realmuto
johnsji04,Jim Johnson
abreubr01,Bryan Abreu
hillta01,Taylor Hill
parmech01,Chris Parmelee
goeddty01,Tyler Goeddel
alvarpe01,Pedro Álvarez
bibenau01,Austin Bibens-Dirkx
ramirjo02,José Ramírez
pradoma01,Martín Prado
crawfbr01,Brandon Crawford
goodrni01,Niko Goodrum
goodwbr01,Brian Goodwin
johnsel02,Elliot Johnson
jonesja07,JaCoby Jones
neshepa01,Pat Neshek
martimi02,Michael Martínez
jurrjja01,Jair Jurrjens
ondrulo01,Logan Ondrusek
selskst01,Steve Selsky
mcgeeja01,Jake McGee
detwiro01,Ross Detwiler
mahlegr01,Greg Mahle
nichobr01,Brett Nicholas
ciuffni01,Nick Ciuffo
lindbjo01,Josh Lindblom
yateski01,Kirby Yates
rojasjo01,Josh Rojas
delosen01,Enyel De Los Santos
dickech01,Chris Dickerson
escobed01,Eduardo Escobar
bolanro01,Ronald Bolanos
kineris01,Isiah Kiner-Falefa
parsowe01,Wes Parsons
dysonsa01,Sam Dyson
machije01,Jean Machi
bandyje01,Jett Bandy
casalcu01,Curt Casali
kimhy01,Hyun Soo Kim
labouja01,Jairo Labourt
chargjt01,JT Chargois
longsh01,Shed Long
poundbr01,Brooks Pounders
johnsch05,Chris Johnson
lannajo01,John Lannan
butleda01,Dan Butler
iglesjo01,José Iglesias
brittza01,Zack Britton
raburry01,Ryan Raburn
blazemi01,Michael Blazek
penafr01,Francisco Peña
hanigmi01,Mitch Haniger
buchada01,David Buchanan
reidfse01,Sean Reid-Foley
perezwi01,Williams Pérez
graniza01,Zack Granite
harrima01,Matt Harrison
guerrvl02,Vladimir Guerrero Jr.
lambjo02,John Lamb
mcgehca01,Casey McGehee
moncayo01,Yoán Moncada
bogaexa01,Xander Bogaerts
chiriyo01,Yonny Chirinos
fuentre01,Rey Fuentes
jacksry02,Ryan Jackson
krehbjo01,Joey Krehbiel
hernape02,Pedro Hernández
medinyo01,Yoervis Medina
dejonpa01,Paul DeJong
santira01,Ramón Santiago
iannech01,Chris Iannetta
kazmisc01,Scott Kazmir
russeja02,James Russell
tonkimi01,Michael Tonkin
rogerja03,Jake Rogers
oteroda01,Dan Otero
valdeph01,Phillips Valdéz
haselad01,Adam Haseley
chavimi01,Michael Chavis
hernafe02,Félix Hernández
garliky01,Kyle Garlick
kellyme01,Merrill Kelly
garciav01,Avisaíl García
stashco01,Cody Stashak
woodtr01,Travis Wood
marrede01,Deven Marrero
fordmi01,Mike Ford
vargake01,Kennys Vargas
romansa01,Sal Romano
avilemi01,Mike Aviles
jimenlu02,Luis Jiménez
rodrife02,Fernando Rodriguez Jr.
rodonca01,Carlos Rodón
poynebo01,Bobby Poyner
duplajo01,Jon Duplantier
barrefr02,Franklin Barreto
triunca01,Carlos Triunfel
beltbr01,Brandon Belt
eovalna01,Nathan Eovaldi
gerbemi01,Mike Gerber
jacksal02,Alex Jackson
gibsoky01,Kyle Gibson
wilheto01,Tom Wilhelmsen
senzaan01,Antonio Senzatela
polanjo01,Jorge Polanco
uptonbj01,Melvin Upton Jr.
samarje01,Jeff Samardzija
rondobr01,Bruce Rondón
parkeja03,Jarrett Parker
beckhti01,Tim Beckham
youngch04,Chris Young
kurodhi01,Hiroki Kuroda
gibauia01,Ian Gibaut
adamsau02,Austin Adams
lopezra02,Rafael Lopez
roberry01,Ryan Roberts
fraziad01,Adam Frazier
gantjo01,John Gant
guerrde01,Deolis Guerra
pinama01,Manny Piña
johnsst02,Steve Johnson
duffyda01,Danny Duffy
nunovi01,Vidal Nuño III
garciwi01,Willy García
geedi01,Dillon Gee
sucreje01,Jesús Sucre
brachsi01,Silvino Bracho
santada01,Danny Santana
fillmhe01,Heath Fillmyer
nievewi01,Wil Nieves
vizcaar01,Arodys Vizcaíno
weissza01,Zack Weiss
norribu01,Bud Norris
weeksje01,Jemile Weeks
vanslsc01,Scott Van Slyke
eliasro01,Roenis Elías
oneilty01,Tyler O'Neill
hanigry01,Ryan Hanigan
stewadj01,DJ Stewart
buchaja01,Jake Buchanan
martiri01,Richie Martin
kennebr02,Brett Kennedy
leakemi01,Mike Leake
kendrho01,Howie Kendrick
robinsh01,Shane Robinson
hoytja01,James Hoyt
valvejo01,José Valverde
kickhmi01,Mike Kickham
adamsau01,Austin Adams
arroybr01,Bronson Arroyo
congeha01,Hank Conger
josepco01,Corban Joseph
harvejo01,Joe Harvey
chrisni01,Nick Christiani
pindebr01,Branden Pinder
diehlph01,Phillip Diehl
deetzde01,Dean Deetz
pattotr01,Troy Patton
francfr01,Frank Francisco
worthda01,Danny Worth
marimsu01,Sugar Ray Marimon
arciaor01,Orlando Arcia
bregmal01,Alex Bregman
howeljp01,J.P. Howell
bundydy01,Dylan Bundy
barriyh01,Yhonathan Barrios
gamelbe01,Ben Gamel
gutieju01,J.C. Gutiérrez
mariomi01,Michael Mariot
melanma01,Mark Melancon
suareeu01,Eugenio Suárez
fernajo03,José Miguel Fernández
gorzeto01,Tom Gorzelanny
canoro01,Robinson Canó
farmeky01,Kyle Farmer
urenajo01,José Ureña
pillake01,Kevin Pillar
ruggiju01,Justin Ruggiano
martefr01,Francis Martes
adamja01,Jason Adam
mayzati01,Tim Mayza
chaveen01,Endy Chávez
quintom01,Omar Quintanilla
ascheco01,Cody Asche
coleta01,Taylor Cole
fulmeca01,Carson Fulmer
diazye01,Yennsy Díaz
perezsa02,Salvador Pérez
ramoswi01,Wilson Ramos
florera02,Ramón Flores
croncj01,C.J. Cron
wrighda04,Daniel Wright
bostich01,Christopher Bostick
kinlety01,Tyler Kinley
cannigr01,Griffin Canning
willini01,Nick Williams
rivertj01,T.J. Rivera
lawribr01,Brett Lawrie
barneau01,Austin Barnes
jamesjo02,Josh James
neusesh01,Sheldon Neuse
hernago01,Gorkys Hernández
siscoch01,Chance Sisco
barraky01,Kyle Barraclough
dedunsa01,Sam Deduno
jimence01,César Jiménez
woodbl01,Blake Wood
vinceza01,Zach Vincej
moustmi01,Mike Moustakas
luebkco01,Cory Luebke
alcansa01,Sandy Alcantara
ramiral03,Alexei Ramírez
dowdyky01,Kyle Dowdy
cabrema01,Mauricio Cabrera
hendrli01,Liam Hendriks
quentca01,Carlos Quentin
nottija01,Jacob Nottingham
bichebo01,Bo Bichette
adamecr01,Cristhian Adames
murphda07,David Murphy
ludwiry01,Ryan Ludwick
galero01,Rocky Gale
daytogr01,Grant Dayton
haysau01,Austin Hays
aveliab01,Abiatal Avelino
fernajo04,José Fernández
poppese01,Sean Poppen
huntece01,Cedric Hunter
astinba01,Barrett Astin
colonch01,Christian Colón
stewach02,Christin Stewart
fowlede01,Dexter Fowler
rodnefe01,Fernando Rodney
wilsoal01,Alex Wilson
farmebu01,Buck Farmer
pompeda01,Dalton Pompey
haleda02,David Hale
vogelda01,Daniel Vogelbach
castiwi01,Wilkin Castillo
danksjo02,Jordan Danks
frazito01,Todd Frazier
vieirth01,Thyago Vieira
gordode01,Dee Strange-Gordon
hernada01,David Hernández
laffeaa01,Aaron Laffey
haderjo01,Josh Hader
runzlda01,Dan Runzler
kiermke01,Kevin Kiermaier
trumbma01,Mark Trumbo
cimbead01,Adam Cimber
zimmery01,Ryan Zimmerman
willita01,Taylor Williams
rumbeni01,Nick Rumbelow
bartoda02,Daric Barton
velazan01,Andrew Velazquez
burdini01,Nick Burdi
grandya01,Yasmani Grandal
gosseda01,Daniel Gossett
hahnje01,Jesse Hahn
pagnoma01,Matt Pagnozzi
whitety01,Tyler White
broadmi01,Mike Broadway
garcile02,Leury García
gearrco01,Cory Gearrin
roarkta01,Tanner Roark
kikucyu01,Yusei Kikuchi
sampske01,Keyvius Sampson
navardi01,Dioner Navarro
godleza01,Zack Godley
danksjo01,John Danks
semiema01,Marcus Semien
richaga01,Garrett Richards
phillbr01,Brandon Phillips
girodch01,Chad Girodo
arencjp01,J.P. Arencibia
snodgsc01,Scott Snodgress
despaod01,Odrisamer Despaigne
molledu01,Dustin Molleken
arrueba01,Erisbel Arruebarrena
rossco01,Cody Ross
cabreev01,Everth Cabrera
morsemi01,Mike Morse
drewst01,Stephen Drew
yamamjo01,Jordan Yamamoto
zeuchtj01,T.J. Zeuch
skolema01,Matt Skole
valaich01,Chris Valaika
clemepa02,Paul Clemens
polangr01,Gregory Polanco
aguilje01,Jesús Aguilar
mejiaad01,Adalberto Mejía
ventuyo01,Yordano Ventura
ellinbr02,Brian Ellington
leecl02,Cliff Lee
lobstky01,Kyle Lobstein
krameke01,Kevin Kramer
romerst01,Stefen Romero
coatsja01,Jason Coats
garcija03,Jason García
perkigl01,Glen Perkins
nietoad01,Adrián Nieto
scrugxa01,Xavier Scruggs
arozara01,Randy Arozarena
herreyo01,Yoslán Herrera
rufda01,Darin Ruf
millsal02,Alec Mills
guaipma01,Mayckol Guaipe
ruizca01,Carlos Ruiz
moralke01,Kendrys Morales
maybica01,Cameron Maybin
eschja01,Jake Esch
minayju01,Juan Minaya
rodrial01,Álex Rodríguez
choatra01,Randy Choate
bedroca01,Cam Bedrosian
puigya01,Yasiel Puig
kottage01,George Kottaras
edginjo01,Josh Edgin
bourqja01,James Bourque
kivlepa01,Patrick Kivlehan
martini01,Nick Martínez
bournmi01,Michael Bourn
cruzne02,Nelson Cruz
morriak01,Akeel Morris
jimenub01,Ubaldo Jiménez
leech01,C.C. Lee
santaed01,Edgar Santana
grullde01,Deivy Grullon
janseda01,Danny Jansen
berryqu01,Quintin Berry
morrilo01,Logan Morrison
hoodde01,Destin Hood
easleed01,Ed Easley
shawami01,Mike Shawaryn
lugoda01,Dawel Lugo
strahma01,Matt Strahm
peterti01,Tim Peterson
gravebr01,Brett Graves
pannoth01,Thomas Pannone
fistedo01,Doug Fister
dubonma01,Mauricio Dubon
hoskirh01,Rhys Hoskins
parnebo01,Bobby Parnell
torrelu01,Luis Torrens
kenneia01,Ian Kennedy
taylobe11,Beau Taylor
defraju01,Justin De Fratus
narvaom01,Omar Narváez
buchtry01,Ryan Buchter
hagenbr01,Bradin Hagens
sherfji01,James Sherfy
paxtoja01,James Paxton
rolliji01,Jimmy Rollins
sierrmo01,Moisés Sierra
pricebr10,Bryan Price
bonifem01,Emilio Bonifacio
diazel01,Elias Díaz
priceda01,David Price
difowi01,Wilmer Difo
mondera02,Adalberto Mondesi
fuentjo01,Josh Fuentes
lambepe01,Peter Lambert
hernama02,Marco Hernández
herrero02,Rosell Herrera
manaese01,Sean Manaea
perezci01,Cionel Pérez
machama01,Manny Machado
andinro01,Robert Andino
trivilo01,Lou Trivino
clippty01,Tyler Clippard
daleyma01,Matt Daley
moneljo01,Johnny Monell
wagnene01,Neil Wagner
hammeja01,Jason Hammel
darviyu01,Yu Darvish
daviswa01,Wade Davis
sborzjo01,Josh Sborz
quinthu01,Humberto Quintero
rosenbj01,B.J. Rosenberg
degroja01,Jacob deGrom
ohlmami01,Mike Ohlman
tepesni01,Nick Tepesch
sprinje01,Jeffrey Springs
conlopj01,P.J. Conlon
moralfr01,Franklin Morales
bellch02,Chad Bell
mejiafr01,Francisco Mejía
pedrodu01,Dustin Pedroia
dazayo01,Yonathan Daza
holdejo02,Jonathan Holder
nunezre01,Renato Núñez
ortegra01,Rafael Ortega
diazal02,Aledmys Díaz
axforjo01,John Axford
stassbr01,Brock Stassi
nixja02,Jacob Nix
hedgeau01,Austin Hedges
rogerta01,Taylor Rogers
smithjo07,Josh A. Smith
simonal01,Alfredo Simón
leonar01,Arnold León
parkebl01,Blake Parker
chafian01,Andrew Chafin
wickro01,Rowan Wick
escoblu01,Luis Escobar
roberke02,Kenny Roberts
morgany01,Nyjer Morgan
francma02,Maikel Franco
zobribe01,Ben Zobrist
pederjo01,Joc Pederson
burkebr01,Brock Burke
yastrmi01,Mike Yastrzemski
carraca01,Carlos Carrasco
hernaar01,Ariel Hernández
gomezmi01,Miguel Gómez
francje02,Jeff Francoeur
niesejo01,Jon Niese
gutieke01,Kelvin Gutiérrez
tholejo01,Josh Thole
fiersmi01,Mike Fiers
vargail01,Ildemaro Vargas
altavda01,Dan Altavilla
balesco01,Collin Balester
antoldu01,Dustin Antolin
reaco01,Colin Rea
alvarda01,Dario Álvarez
florewi01,Wilmer Flores
holtbr01,Brock Holt
werthja01,Jayson Werth
guerrta01,Tayron Guerrero
paredji01,Jimmy Paredes
stouter01,Eric Stout
alzolad01,Adbert Alzolay
lewicar01,Artie Lewicki
rodried05,Eduardo Rodríguez
adamsmi03,Mike Adams
wallach01,Chad Wallach
meisiry01,Ryan Meisinger
sheffju01,Justus Sheffield
frankni01,Nick Franklin
nieuwki01,Kirk Nieuwenhuis
zitoba01,Barry Zito
santaer01,Ervin Santana
rasmuco02,Cory Rasmus
lightpa01,Pat Light
scutama01,Marco Scutaro
bleieri01,Richard Bleier
tomlike01,Kelby Tomlinson
perezol01,Oliver Pérez
jacksdr01,Drew Jackson
bushma01,Matt Bush
mcgowke01,Kevin McGowan
araujpe01,Pedro Araujo
moorety01,Tyler Moore
adamewi01,Willy Adames
gosewtu01,Tuffy Gosewisch
calhowi01,Willie Calhoun
danisty01,Tyler Danish
mcdonjo03,John McDonald
furbuch01,Charlie Furbush
cooneti01,Tim Cooney
waldimi01,Mitch Walding
borucry01,Ryan Borucki
nelsoji02,Jimmy Nelson
kellyjo05,Joe Kelly
bradymi01,Michael Brady
rowlary01,Ryan Rowland-Smith
rodrist02,Paco Rodríguez
fifest01,Stephen Fife
arrieja01,Jake Arrieta
fienca01,Casey Fien
cisnejo01,José Cisnero
simslu01,Lucas Sims
smithch08,Chris Smith
turleni01,Nik Turley
wisdopa01,Patrick Wisdom
doolise01,Sean Doolittle
gonzami05,Miguel González
davisra01,Rajai Davis
castrsi01,Simon Castro
riverya01,Yadiel Rivera
cedenxa01,Xavier Cedeño
diazja01,Jairo Díaz
colemdu01,Dusty Coleman
barretr01,Tres Barrera
furcara02,Rafael Furcal
sewalpa01,Paul Sewald
romerfe01,Fernando Romero
brighje01,Jeff Brigham
whiteel03,Eli Whiteside
stjohlo01,Locke St. John
orlanpa01,Paulo Orlando
lucasjo02,Josh Lucas
owingch01,Chris Owings
rosaral01,Alberto Rosario
bertijo01,Jon Berti
kontoge01,George Kontos
ladenty01,Tyler Ladendorf
ohearry01,Ryan O'Hearn
hazelje01,Jeremy Hazelbaker
badenbu01,Burke Badenhop
teixema01,Mark Teixeira
clarkma02,Matt Clark
villape01,Pedro Villarreal
kouzmke01,Kevin Kouzmanoff
balfogr01,Grant Balfour
anderch01,Chase Anderson
sandsje01,Jerry Sands
profaju01,Jurickson Profar
taylomi01,Michael Taylor
rasmuco01,Colby Rasmus
gonzaer01,Erik González
braulst01,Steven Brault
overbly01,Lyle Overbay
strawmy01,Myles Straw
tayloty01,Tyrone Taylor
leybado01,Domingo Leyba
knebeco01,Corey Knebel
downsda02,Darin Downs
jonesga02,Garrett Jones
leathja01,Jack Leathersich
cahiltr01,Trevor Cahill
putzjj01,J.J. Putz
ynoara01,Rafael Ynoa
loewead01,Adam Loewen
lazora01,Raudel Lazo
barreaa01,Aaron Barrett
tatisfe02,Fernando Tatís
clevest01,Steve Clevenger
cervefr01,Francisco Cervelli
beatyma01,Matt Beaty
deleojo02,Jorge De Leon
ramirne01,Neil Ramírez
maxweju01,Justin Maxwell
shafeju01,Justin Shafer
blachty01,Ty Blach
bormajo01,John Bormann
vilorme01,Meibrys Viloria
kellydo01,Don Kelly
davisjd01,J.D. Davis
whelake01,Kevin Whelan
huffmch01,Chad Huffman
strasst01,Stephen Strasburg
davista01,Taylor Davis
demertr01,Travis Demeritte
mantijo01,Joe Mantiply
brantro01,Rob Brantly
richatr01,Trevor Richards
hendrky01,Kyle Hendricks
gomezro01,Roberto Gómez
barrija01,Jaime Barria
matzety01,Tyler Matzek
cespeyo01,Yoenis Céspedes
desmoia01,Ian Desmond
ramsema01,Matt Ramsey
grayjo02,Jon Gray
germaju01,Justin Germano
wrighst01,Steven Wright
cuthbch01,Cheslor Cuthbert
hiranyo01,Yoshihisa Hirano
thameer01,Eric Thames
ramosaj01,AJ Ramos
healyry01,Ryon Healy
sorokmi01,Mike Soroka
warread01,Adam Warren
ottavad01,Adam Ottavino
smithja06,Jake Smith
newcose01,Sean Newcomb
mailelu01,Luke Maile
willije01,Jerome Williams
sanchaa01,Aaron Sanchez
jenkich01,Chad Jenkins
roberda08,David Robertson
adamsch01,Chance Adams
martiru01,Russell Martin
burtoja01,Jared Burton
kahnlto01,Tommy Kahnle
seageky01,Kyle Seager
hwangja01,Jae-gyun Hwang
curtijo02,John Curtiss
collity01,Tyler Collins
ranauan01,Anthony Ranaudo
paulsbe01,Ben Paulsen
rizzoan01,Anthony Rizzo
jonesna01,Nate Jones
glennbr01,Brad Glenn
canhama01,Mark Canha
greenza01,Zach Green
howarsa01,Sam Howard
marinjh01,Jhan Mariñez
joycema01,Matthew Joyce
velasvi01,Vince Velasquez
walkeje02,Jeremy Walker
hathast01,Steve Hathaway
poseybu01,Buster Posey
freitda01,David Freitas
torrejo02,José Torres
bautijo02,José Bautista
thatcjo01,Joe Thatcher
cervehu01,Hunter Cervenka
oswalco01,Corey Oswalt
peraljo01,Joel Peralta
markani01,Nick Markakis
lecursa01,Sam LeCure
carlybu01,Buddy Carlyle
mazzavi01,Vin Mazzaro
gonzach01,Chi Chi González
blairaa01,Aaron Blair
howarry01,Ryan Howard
freemfr01,Freddie Freeman
cordier01,Erik Cordier
castijo03,José Castillo
tuckepr01,Preston Tucker
turnest01,Stuart Turner
montgmi01,Mike Montgomery
guzmaje01,Jesús Guzmán
fieldjo03,Josh Fields
anderju01,Justin Anderson
guduare01,Reymin Guduan
rondojo01,Jorge Rondon
kempto01,Tony Kemp
mannbr01,Brandon Mann
gsellro01,Robert Gsellman
sanchad01,Adrián Sanchez
ashlene01,Nevin Ashley
rollida01,David Rollins
jokiser01,Eric Jokisch
cruzrh01,Rhiner Cruz
hauscmi01,Mike Hauschild
coveydy01,Dylan Covey
stewach01,Chris Stewart
pujolal01,Albert Pujols
solissa01,Sammy Solís
perezau01,Audry Pérez
garciad02,Adolis García
ynoahu01,Huascar Ynoa
hamilbi02,Billy Hamilton
herrmch01,Chris Herrmann
estrath01,Thairo Estrada
tuiasma01,Matt Tuiasosopo
gonzaad01,Adrián González
fernajo02,José Fernández
hampsga01,Garrett Hampson
victosh01,Shane Victorino
morendi01,Diego Moreno
friedma01,Max Fried
flowety01,Tyler Flowers
mcgraky01,Kyle McGrath
johnsmi04,Micah Johnson
torrero01,Ronald Torreyes
friasca01,Carlos Frías
anderti01,Tim Anderson
schugaj01,A.J. Schugel
suarera01,Ranger Suárez
deazaal01,Alejandro De Aza
turnbsp01,Spencer Turnbull
scottro02,Robby Scott
szczuma01,Matt Szczur
krolia01,Ian Krol
blackch02,Charlie Blackmon
sizemsc01,Scott Sizemore
hernaos01,Óscar Hernández
rucindr01,Drew Rucinski
hancoju01,Justin Hancock
affelje01,Jeremy Affeldt
pruitau01,Austin Pruitt
hicksbr01,Brandon Hicks
aceveal01,Alfredo Aceves
rutlejo01,Josh Rutledge
mccutan01,Andrew McCutchen
perezhe01,Hernán Pérez
spande01,Denard Span
bassan01,Anthony Bass
hicksjo02,John Hicks
bourju01,Justin Bour
seageco01,Corey Seager
odorro01,Rougned Odor
shawch01,Chris Shaw
vargace01,César Vargas
burgoen02,Enrique Burgos
garnepe01,Perci Garner
karinja01,James Karinchak
noelri02,Rico Noel
barreja01,Jake Barrett
slegeaa01,Aaron Slegers
sulseco01,Cole Sulser
bellaan01,Andrew Bellatti
leonar02,Arcenio León
castrst01,Starlin Castro
kellyry01,Ryan Kelly
murphjr01,John Ryan Murphy
lopezre01,Reynaldo López
marteje01,Jefry Marté
perezju02,Juan Pérez
salazda01,Danny Salazar
desclan01,Anthony DeSclafani
birdky01,Kyle Bird
sneltdj01,D.J. Snelten
stromma01,Marcus Stroman
odorija01,Jake Odorizzi
markepa01,Parker Markel
luzarje01,Jesús Luzardo
matusbr01,Brian Matusz
tarplst01,Stephen Tarpley
heanean01,Andrew Heaney
friedch01,Christian Friedrich
wothema01,Matt Wotherspoon
stroppe01,Pedro Strop
pomerdr01,Drew Pomeranz
saundmi01,Michael Saunders
phegljo01,Josh Phegley
simmosh01,Shae Simmons
tillmch01,Chris Tillman
hurshja01,Jason Hursh
biebesh01,Shane Bieber
downssc01,Scott Downs
lowema01,Mark Lowe
encared01,Edwin Encarnación
sizemgr01,Grady Sizemore
smithbu03,Burch Smith
martico01,Cody Martin
hermomi01,Michael Hermosillo
kaczmke01,Kevin Kaczmarski
goedder01,Erik Goeddel
delarda01,Dane De La Rosa
valdefr01,Framber Valdéz
frareca01,Caleb Frare
biddlje01,Jesse Biddle
kelletr01,Trevor Kelley
arroych01,Christian Arroyo
maydu01,Dustin May
wachami01,Michael Wacha
toccica01,Carlos Tocci
jimenjo02,Joe Jiménez
osullse01,Sean O'Sullivan
mayja02,Jacob May
rosarra01,Randy Rosario
duffyma02,Matt Duffy
leebr01,Braxton Lee
smithdr01,Drew Smith
lewisky01,Kyle Lewis
hicksjo03,Jordan Hicks
snydebr03,Brandon Snyder
lintz02,Tzu-Wei Lin
beachbr01,Brandon Beachy
thaisma01,Matt Thaiss
urquijo01,José Urquidy
sweenry01,Ryan Sweeney
russead02,Addison Russell
burnese01,Sean Burnett
dobnara01,Randy Dobnak
juradar01,Ariel Jurado
nidoto01,Tomás Nido
poredaa01,Aaron Poreda
reyesjo03,Jo-Jo Reyes
volstch01,Chris Volstad
keuchda01,Dallas Keuchel
dicker.01,R.A. Dickey
copelsc01,Scott Copeland
stallja01,Jacob Stallings
wimmeal01,Alex Wimmers
bardlu01,Luke Bard
marmoca01,Carlos Mármol
smithch09,Chad Smith
gorete01,Terrance Gore
brebbjo01,John Brebbia
davieza02,Zach Davies
mazarno01,Nomar Mazara
nolaau01,Austin Nola
morelmi01,Mitch Moreland
avilape01,Pedro Avila
rodriri05,Richard Rodríguez
plesaza01,Zach Plesac
armenro01,Rogelio Armenteros
jayemy01,Myles Jaye
motteja01,Jason Motte
lametdi01,Dinelson Lamet
grahajr01,J.R. Graham
fornaer01,Eric Fornataro
mckiran01,Andrew McKirahan
camarjo01,Johan Camargo
travisa01,Sam Travis
wingetr01,Trey Wingenter
tuckeco01,Cole Tucker
ahmedni01,Nick Ahmed
holadbr01,Bryan Holaday
kershcl01,Clayton Kershaw
butlebi03,Billy Butler
perezye01,Yefri Pérez
fowledu01,Dustin Fowler
kuhlch01,Chad Kuhl
finnebr01,Brandon Finnegan
wielajo01,Joe Wieland
nunezdo01,Dom Nunez
tauchmi01,Mike Tauchman
woodal02,Alex Wood
martibr01,Brett Martin
webbty01,Tyler Webb
maedake01,Kenta Maeda
freemmi01,Mike Freeman
mileywa01,Wade Miley
rhameja01,Jacob Rhame
cabrace01,César Cabral
lasteto01,Tommy La Stella
lucrojo01,Jonathan Lucroy
peterja01,Jace Peterson
shuckja01,JB Shuck
taylobe10,Ben Taylor
osichjo01,Josh Osich
tazawju01,Junichi Tazawa
teafoev01,Everett Teaford
martijo08,José Martínez
nimmobr01,Brandon Nimmo
hudsoda01,Daniel Hudson
billibr02,Bruce Billings
machadi01,Dixon Machado
whitlch01,Chase Whitley
mcallza01,Zach McAllister
donaljo02,Josh Donaldson
sanchan03,Ángel Sánchez
gallayo01,Yovani Gallardo
bryankr01,Kris Bryant
teherju01,Julio Teheran
suzukic01,Ichiro Suzuki
biancje01,Jeff Bianchi
stewaia01,Ian Stewart
mikolmi01,Miles Mikolas
hudsojo03,Joe Hudson
kellebr01,Brad Keller
schumsk01,Skip Schumaker
loaisjo01,Jonathan Loaisiga
shephch01,Chandler Shepherd
greingr01,Grayson Greiner
burrry01,Ryan Burr
engelad01,Adam Engel
guilmpr01,Preston Guilmet
harpery01,Ryne Harper
fontwi01,Wilmer Font
handbr01,Brad Hand
walketa01,Taijuan Walker
matonph01,Phil Maton
dygesje01,Jesen Therrien
wheelry01,Ryan Wheeler
brinsle01,Lewis Brinson
jerezwi01,Williams Jerez
frandke01,Kevin Frandsen
dejesda01,David DeJesus
alonsyo01,Yonder Alonso
garcefr01,Frank Garcés
molinya01,Yadier Molina
buehrma01,Mark Buehrle
paganan01,Ángel Pagán
rileyau01,Austin Riley
espinpa01,Paolo Espino
delareu01,Eury De La Rosa
heinesc01,Scott Heineman
tatedi01,Dillon Tate
snidetr01,Travis Snider
dykstal01,Allan Dykstra
westma03,Matt West
smithwi05,Will Smith
marshse01,Sean Marshall
goodyni01,Nick Goody
powelbo02,Boog Powell
kiekhde01,Dean Kiekhefer
loganbo02,Boone Logan
venabwi01,Will Venable
tomlijo01,Josh Tomlin
mccarke01,Kevin McCarthy
roberbr01,Brian Roberts
muncyma01,Max Muncy
delabst01,Steve Delabar
swishni01,Nick Swisher
hergeji01,Jimmy Herget
jeffrje01,Jeremy Jeffress
rendoan01,Anthony Rendon
phillza01,Zach Phillips
garnedu01,Dustin Garneau
smithma05,Mallex Smith
dornda01,Danny Dorn
beatope01,Pedro Beato
solando01,Donovan Solano
boydma01,Matthew Boyd
greenni02,Nick Greenwood
darnelo01,Logan Darnell
garcija01,Santiago Casilla
mcgousc01,Scott McGough
rendato01,Tony Renda
sanchga02,Gary Sánchez
campovi01,Vicente Campos
francje01,Jeff Francis
cordery01,Ryan Cordell
peralfr01,Freddy Peralta
simmoan01,Andrelton Simmons
ogradch01,Chris O'Grady
ohlenro01,Ross Ohlendorf
guerrga01,Gabriel Guerrero
liriafr01,Francisco Liriano
livelbe01,Ben Lively
denorch01,Chris Denorfia
pattere02,Red Patterson
webstal01,Allen Webster
zeidjo01,Josh Zeid
rusinch01,Chris Rusin
borboju01,Julio Borbón
altuvjo01,José Altuve
marshev01,Evan Marshall
paulida01,David Paulino
kellemi03,Mitch Keller
wongke01,Kean Wong
coonrsa01,Sam Coonrod
bettich01,Chad Bettis
mercejo03,Jordy Mercer
rodrise01,Sean Rodríguez
belisro01,Ronald Belisario
junisja01,Jakob Junis
feldmsc01,Scott Feldman
valenda01,Danny Valencia
kelleky01,Kyle Keller
ramirjc01,JC Ramírez
santade01,Dennis Santana
valdejo02,Jordany Valdespin
hillaa01,Aaron Hill
hillri01,Rich Hill
waldrky02,Kyle Waldrop
aquinja01,Jayson Aquino
jeterde01,Derek Jeter
figueco01,Cole Figueroa
goebbja01,Jake Goebbert
willija01,Jackson Williams
ugglada01,Dan Uggla
guzmaro01,Ronald Guzmán
rowenbe01,Ben Rowen
roachdo01,Donn Roach
dudalu01,Lucas Duda
warrear01,Art Warren
wahlbo01,Bobby Wahl
hammejd01,J.D. Hammer
nicasju01,Juan Nicasio
breweco01,Colten Brewer
rienzan01,André Rienzo
sotogi01,Giovanni Soto
naylojo01,Josh Naylor
jimenel02,Eloy Jiménez
marteal01,Alfredo Marté
walshco02,Colin Walsh
porceri01,Rick Porcello
hildetr01,Trevor Hildenberger
buschma01,Matt Buschmann
solanjh01,Jhonatan Solano
pattejo03,Jordan Patterson
kozmape01,Pete Kozma
haggesa01,Sam Haggerty
glasnty01,Tyler Glasnow
flynnbr01,Brian Flynn
diazya01,Yandy Díaz
wadats01,Tsuyoshi Wada
petrija01,Jake Petricka
singljo02,Jon Singleton
ogandal01,Alexi Ogando
satinjo01,Josh Satin
stammcr01,Craig Stammen
lauerer01,Eric Lauer
martich02,Chris Martin
irwinph01,Phil Irwin
pintojo01,Josmil Pinto
gutiefr01,Franklin Gutierrez
stevean01,Andrew Stevenson
concege01,Gerardo Concepción
rodride01,Dereck Rodríguez
verasjo01,José Veras
gonsast01,Stephen Gonsalves
fariaja01,Jake Faria
haaseer01,Eric Haase
stameer01,Eric Stamets
barnema01,Matt Barnes
bruceja01,Jay Bruce
morrobr01,Brandon Morrow
delgara01,Randall Delgado
mellake01,Keury Mella
jorgefe01,Félix Jorge
beninan01,Andrew Benintendi
gagnodr01,Drew Gagnon
stewako01,Kohl Stewart
quantca01,Cal Quantrill
cravyty01,Tyler Cravy
sandopa01,Pablo Sandoval
alvarjo03,José Alvarado
palkada01,Daniel Palka
rodrijo07,José Rodríguez
headlch01,Chase Headley
casteni01,Nicholas Castellanos
fujikky01,Kyuji Fujikawa
ishiktr01,Travis Ishikawa
rossty01,Tyson Ross
laneja01,Jason Lane
gloveko01,Koda Glover
floydga01,Gavin Floyd
zimmejo02,Jordan Zimmermann
blevije01,Jerry Blevins
moyaga01,Gabriel Moya
hillko01,Koyie Hill
mastrda01,Darin Mastroianni
olsonma02,Matt Olson
miranar01,Aríel Miranda
schebsc01,Scott Schebler
alfarjo01,Jorge Alfaro
castidi01,Diego Castillo
mercaos01,Óscar Mercado
rowlech01,Chris Rowley
luplojo01,Jordan Luplow
carmofa01,Roberto Hernández
contrwi01,Willson Contreras
paddach01,Chris Paddack
martini02,Nick Martini
baezja01,Javier Báez
senzeni01,Nick Senzel
vealdo01,Donnie Veal
swansda01,Dansby Swanson
fryerer01,Eric Fryer
happja01,J.A. Happ
flahery01,Ryan Flaherty
riosed01,Edwin Ríos
biagijo01,Joe Biagini
belltr01,Trevor Bell
barnebr02,Brandon Barnes
stubbdr01,Drew Stubbs
gomezca01,Carlos Gómez
kalisry01,Ryan Kalish
solerjo01,Jorge Soler
cozendy01,Dylan Cozens
leeza01,Zach Lee
diazmi02,Miguel Díaz
grishtr01,Trent Grisham
kipnija01,Jason Kipnis
burriem01,Emmanuel Burriss
murphto04,Tom Murphy
deleojo03,José De León
ramirye01,Yefry Ramirez
watsoto01,Tony Watson
cappsca01,Carter Capps
riverca02,Carlos Rivero
martest01,Starling Marté
hudsoda02,Dakota Hudson
parmlia01,Ian Parmley
nadyxa01,Xavier Nady
colabch01,Chris Colabello
mooread01,Adam Moore
reyesal02,Alex Reyes
palumjo01,Joe Palumbo
leesmch01,Charles Leesman
marveja01,James Marvel
avilalu01,Luis Avilán
reyesjo01,José Reyes
ramirca01,Carlos Ramírez
huangwe01,Wei-Chieh Huang
mcfartj01,T.J. McFarland
hamelco01,Cole Hamels
fishede01,Derek Fisher
colonba01,Bartolo Colon
murraco02,Colton Murray
klubeco01,Corey Kluber
kittran01,Andrew Kittredge
sosaed01,Edmundo Sosa
wangwe01,Wei-Chung Wang
wangch01,Chien-Ming Wang
grossro01,Robbie Grossman
luekejo01,Josh Lueke
lolliry01,Ryan Lollis
kellyca01,Casey Kelly
busenal01,Alan Busenitz
escobal02,Alcides Escobar
kleinph01,Phil Klein
maurebr01,Brandon Maurer
rothmi01,Michael Roth
bricejo01,José Briceño
pindech01,Chad Pinder
hellebe01,Ben Heller
wolfra02,Randy Wolf
carpeda02,David Carpenter
hairssc01,Scott Hairston
roblevi01,Víctor Robles
santaan02,Anthony Santander
freelky01,Kyle Freeland
mendeyo01,Yohander Méndez
wagnety01,Tyler Wagner
colliza01,Zack Collins
bethach01,Christian Bethancourt
mendida01,Danny Mendick
stantmi03,Giancarlo Stanton
mauerjo01,Joe Mauer
beltrca01,Carlos Beltrán
flexech01,Chris Flexen
smithca02,Carson Smith
saverjo01,Joe Savery
penaca01,Carlos Peña
koehlto01,Tom Koehler
hicksaa01,Aaron Hicks
deshide02,Delino DeShields
hoeslj01,L.J. Hoes
beimejo01,Joe Beimel
gurrilo01,Lourdes Gurriel Jr.
beltrad01,Adrián Beltré
zimmeky01,Kyle Zimmer
romakja01,Jamie Romak
reedmi02,Michael Reed
garciyi01,Yimi García
giavojo01,Johnny Giavotella
rodrije01,Jefry Rodríguez
getzch01,Chris Getz
edwarca01,Carl Edwards Jr.
villaca01,Carlos Villanueva
reyesfr01,Franmil Reyes
molinjo01,José Molina
willima10,Mason Williams
billich01,Chad Billingsley
loughda01,David Lough
klinebr01,Branden Kline
delacjo01,Joel De La Cruz
riefecj01,C.J. Riefenhauser
dinini01,Nick Dini
raineta01,Tanner Rainey
lohseky01,Kyle Lohse
gavigsa01,Sam Gaviglio
lowena01,Nate Lowe
minteaj01,A.J. Minter
brasiry01,Ryan Brasier
payanpe01,Pedro Payano
eickhje01,Jerad Eickhoff
hernaen02,Kiké Hernández
hillisa01,Sam Hilliard
lestejo01,Jon Lester
ortizda02,Danny Ortiz
pearcst01,Steve Pearce
obergsc01,Scott Oberg
velazhe01,Hector Velázquez
minormi01,Mike Minor
tejadru01,Rubén Tejada
arenano01,Nolan Arenado
barbajo01,Johnny Barbato
musgrha01,Harrison Musgrave
wietema01,Matt Wieters
blancgr01,Grégor Blanco
campsh01,Shawn Camp
leonsa01,Sandy León
johnskr01,Kris Johnson
olivomi01,Miguel Olivo
corbipa01,Patrick Corbin
vothau01,Austin Voth
axelrdy01,Dylan Axelrod
rasmuro01,Rob Rasmussen
scahiro01,Rob Scahill
mapledi01,Dillon Maples
brugmja01,Jaycob Brugman
butleed01,Eddie Butler
anderco01,Cody Anderson
edwarjo02,Jon Edwards
wendejb01,J.B. Wendelken
vielmen01,Engelb Vielma
gonzaca01,Carlos González
morimsh01,Shawn Morimando
ciriape01,Pedro Ciriaco
caratvi01,Víctor Caratini
delpomi01,Miguel Del Pozo
verdual01,Alex Verdugo
novaiv01,Iván Nova
dullry01,Ryan Dull
fernaju01,Junior Fernández
diazed04,Edwin Díaz
negrokr01,Kristopher Negrón
reyesge01,Gerardo Reyes
gyorkje01,Jedd Gyorko
claudal01,Álex Claudio
perkica01,Cameron Perkins
rodriyo01,Yorman Rodríguez
lynnla01,Lance Lynn
vicieda01,Dayán Viciedo
davisau01,Austin Davis
conrabr01,Brooks Conrad
walkech02,Christian Walker
cabrege01,Genesis Cabrera
gallojo01,Joey Gallo
harrelu01,Lucas Harrell
pestavi01,Vinnie Pestano
scribev01,Evan Scribner
ibanera01,Raúl Ibañez
sanchca01,Yolmer Sánchez
beavabl01,Blake Beavan
cletoma01,Maikel Cleto
vanmejo01,Josh VanMeter
moylape01,Peter Moylan
ventejo01,Jonny Venters
edmanto01,Tommy Edman
calixor01,Orlando Calixte
centeju01,Juan Centeno
thomptr01,Trayce Thompson
herredi01,Dilson Herrera
bautige01,Gerson Bautista
rosalad01,Adam Rosales
sanchan01,Aníbal Sánchez
wieckbr01,Brad Wieck
severpe01,Pedro Severino
arraelu01,Luis Arraez
selmasa01,Sam Selman
rosared01,Eddie Rosario
mclouna01,Nate McLouth
nixja01,Jayson Nix
mcbrima02,Matt McBride
gallaca01,Cam Gallagher
guerrja01,Javy Guerra
voitlu01,Luke Voit
cecilbr01,Brett Cecil
hawkila01,LaTroy Hawkins
millebr02,Brad Miller
matzst01,Steven Matz
bradlja02,Jackie Bradley Jr.
sanchhe01,Héctor Sánchez
saltaja01,Jarrod Saltalamacchia
ngoepgi01,Gift Ngoepe
meekev01,Evan Meek
smolija01,Jake Smolinski
